-39.484,-46.534,-50.407,-53.082
-38.525,-46.108,-50.136,-52.882
-37.459,-45.66,-49.855,-52.679
-36.264,-45.188,-49.566,-52.47
-34.913,-44.689,-49.266,-52.256
-33.381,-44.161,-48.956,-52.037
-31.662,-43.6,-48.634,-51.812
-29.839,-43,-48.3,-51.582
-28.263,-42.358,-47.953,-51.345
-27.684,-41.666,-47.592,-51.101
-28.527,-40.917,-47.215,-50.851
-30.201,-40.101,-46.821,-50.593
-32.019,-39.207,-46.408,-50.327
-33.703,-38.218,-45.976,-50.052
-35.197,-37.115,-45.521,-49.769
-36.515,-35.876,-45.041,-49.477
-37.682,-34.474,-44.534,-49.174
-38.725,-32.884,-43.996,-48.86
-39.665,-31.118,-43.424,-48.535
-40.518,-29.313,-42.812,-48.197
-41.299,-27.947,-42.156,-47.846
-42.019,-27.799,-41.448,-47.48
-42.685,-28.981,-40.68,-47.098
-43.305,-30.751,-39.842,-46.699
-43.885,-32.543,-38.921,-46.281
-44.429,-34.171,-37.9,-45.842
-44.942,-35.61,-36.759,-45.38
-45.427,-36.879,-35.474,-44.892
-45.887,-38.007,-34.017,-44.376
-46.324,-39.017,-32.37,-43.828
-46.74,-39.929,-30.567,-43.245
-47.137,-40.76,-28.823,-42.62
-47.518,-41.521,-27.745,-41.949
-47.882,-42.224,-28.041,-41.224
-48.232,-42.875,-29.485,-40.436
-48.568,-43.483,-31.3,-39.575
-48.892,-44.052,-33.052,-38.626
-49.205,-44.586,-34.622,-37.571
-49.506,-45.09,-36.007,-36.39
-49.798,-45.568,-37.231,-35.056
-50.08,-46.02,-38.321,-33.543
-50.354,-46.451,-39.3,-31.841
-50.619,-46.861,-40.186,-30.019
-50.876,-47.253,-40.995,-28.391
-51.126,-47.628,-41.738,-27.676
-51.369,-47.988,-42.424,-28.391
-51.605,-48.334,-43.062,-30.019
-51.835,-48.667,-43.657,-31.841
-52.059,-48.987,-44.215,-33.543
-52.278,-49.296,-44.741,-35.056
-52.491,-49.595,-45.236,-36.39
-52.699,-49.884,-45.706,-37.571
-39.575,-46.552,-50.415,-53.086
-38.639,-46.128,-50.144,-52.887
-37.604,-45.682,-49.864,-52.683
-36.453,-45.213,-49.575,-52.475
-35.17,-44.717,-49.276,-52.261
-33.742,-44.192,-48.966,-52.042
-32.187,-43.635,-48.645,-51.818
-30.615,-43.041,-48.312,-51.587
-29.339,-42.405,-47.966,-51.351
-28.894,-41.721,-47.606,-51.107
-29.546,-40.983,-47.23,-50.857
-30.92,-40.181,-46.838,-50.6
-32.505,-39.304,-46.427,-50.334
-34.039,-38.339,-45.996,-50.061
-35.438,-37.272,-45.544,-49.778
-36.694,-36.083,-45.067,-49.486
-37.819,-34.756,-44.563,-49.184
-38.833,-33.286,-44.029,-48.871
-39.752,-31.708,-43.461,-48.547
-40.59,-30.179,-42.855,-48.21
-41.36,-29.094,-42.205,-47.86
-42.07,-28.981,-41.506,-47.495
-42.729,-29.909,-40.749,-47.114
-43.343,-31.39,-39.926,-46.717
-43.918,-32.977,-39.024,-46.3
-44.459,-34.474,-38.031,-45.863
-44.968,-35.829,-36.929,-45.403
-45.45,-37.044,-35.7,-44.919
-45.908,-38.135,-34.33,-44.406
-46.343,-39.118,-32.82,-43.862
-46.757,-40.012,-31.232,-43.283
-47.153,-40.828,-29.782,-42.665
-47.532,-41.578,-28.94,-42.001
-47.895,-42.272,-29.167,-41.285
-48.244,-42.917,-30.321,-40.51
-48.58,-43.519,-31.868,-39.664
-48.903,-44.084,-33.439,-38.737
-49.215,-44.615,-34.896,-37.712
-49.516,-45.116,-36.208,-36.574
-49.807,-45.59,-37.384,-35.304
-50.088,-46.041,-38.44,-33.891
-50.361,-46.469,-39.395,-32.346
-50.626,-46.878,-40.264,-30.766
-50.883,-47.268,-41.059,-29.439
-51.132,-47.643,-41.792,-28.888
-51.375,-48.001,-42.471,-29.439
-51.611,-48.346,-43.102,-30.766
-51.841,-48.678,-43.692,-32.346
-52.064,-48.998,-44.246,-33.891
-52.283,-49.306,-44.768,-35.304
-52.496,-49.604,-45.261,-36.574
-52.704,-49.892,-45.728,-37.712
-79.88,-70.017,-65.543,-50.051
-93.701,-83.858,-65.656,-50.81
-100.63,-83.908,-72.695,-51.61
-107.56,-90.869,-72.856,-52.412
-107.59,-90.939,-73.038,-53.195
-80.088,-70.306,-59.112,-44.153
-93.907,-77.244,-66.114,-51.667
-100.83,-84.191,-73.139,-52.334
-107.76,-91.148,-73.285,-53.022
-107.8,-91.214,-73.45,-53.71
-80.29,-70.585,-59.559,-45.1
-94.109,-77.521,-66.551,-52.5
-101.03,-84.466,-66.664,-53.058
-107.96,-91.419,-73.697,-53.647
-107.99,-91.481,-73.848,-54.249
-78.999,-68.758,-56.484,-46.421
-92.824,-75.712,-63.569,-48.008
-92.856,-82.68,-63.791,-49.424
-99.794,-82.76,-64.044,-50.68
-106.74,-89.752,-64.324,-51.801
-79.228,-69.09,-57.071,-40.178
-86.152,-76.04,-64.133,-48.474
-93.082,-83.003,-64.329,-49.765
-100.02,-83.077,-64.554,-50.939
-100.06,-83.163,-64.803,-52.001
-79.451,-69.41,-57.625,-41.091
-86.374,-76.357,-57.768,-42.255
-93.302,-83.315,-64.841,-43.381
-100.24,-83.384,-65.041,-51.337
-100.28,-83.464,-65.265,-52.317
-78.019,-67.292,-53.709,-41.091
-84.951,-74.268,-54.052,-42.255
-91.89,-74.362,-61.35,-43.381
-91.938,-81.373,-61.785,-44.437
-98.892,-81.499,-62.245,-45.417
-78.274,-67.682,-54.476,-40.178
-85.204,-74.651,-54.765,-41.574
-92.142,-74.737,-55.105,-42.865
-92.186,-74.839,-62.382,-44.039
-99.138,-81.855,-62.786,-45.101
-71.623,-61.155,-55.191,-39.521
-85.451,-68.119,-55.438,-41.108
-92.386,-75.098,-55.73,-42.524
-92.428,-75.192,-56.058,-43.78
-99.377,-82.199,-63.314,-44.901
-70.017,-65.543,-50.051,-45.1
-83.858,-65.656,-50.81,-52.5
-83.908,-72.695,-51.61,-53.058
-90.869,-72.856,-52.412,-53.647
-90.939,-73.038,-53.195,-54.249
-70.306,-59.112,-44.153,-44.153
-77.244,-66.114,-51.667,-51.667
-84.191,-73.139,-52.334,-52.334
-91.148,-73.285,-53.022,-53.022
-91.214,-73.45,-53.71,-53.71
-70.585,-59.559,-45.1,-50.051
-77.521,-66.551,-52.5,-50.81
-84.466,-66.664,-53.058,-51.61
-91.419,-73.697,-53.647,-52.412
-91.481,-73.848,-54.249,-53.195
-68.758,-56.484,-46.421,-55.191
-75.712,-63.569,-48.008,-55.438
-82.68,-63.791,-49.424,-55.73
-82.76,-64.044,-50.68,-56.058
-89.752,-64.324,-51.801,-63.314
-69.09,-57.071,-40.178,-54.476
-76.04,-64.133,-48.474,-54.765
-83.003,-64.329,-49.765,-55.105
-83.077,-64.554,-50.939,-62.382
-83.163,-64.803,-52.001,-62.786
-69.41,-57.625,-41.091,-53.709
-76.357,-57.768,-42.255,-54.052
-83.315,-64.841,-43.381,-61.35
-83.384,-65.041,-51.337,-61.785
-83.464,-65.265,-52.317,-62.245
-67.292,-53.709,-41.091,-57.625
-74.268,-54.052,-42.255,-57.768
-74.362,-61.35,-43.381,-64.841
-81.373,-61.785,-44.437,-65.041
-81.499,-62.245,-45.417,-65.265
-67.682,-54.476,-40.178,-57.071
-74.651,-54.765,-41.574,-64.133
-74.737,-55.105,-42.865,-64.329
-74.839,-62.382,-44.039,-64.554
-81.855,-62.786,-45.101,-64.803
-61.155,-55.191,-39.521,-56.484
-68.119,-55.438,-41.108,-63.569
-75.098,-55.73,-42.524,-63.791
-75.192,-56.058,-43.78,-64.044
-82.199,-63.314,-44.901,-64.324
-65.543,-50.051,-45.1,-59.559
-65.656,-50.81,-52.5,-66.551
-72.695,-51.61,-53.058,-66.664
-72.856,-52.412,-53.647,-73.697
-73.038,-53.195,-54.249,-73.848
-59.112,-44.153,-44.153,-59.112
-66.114,-51.667,-51.667,-66.114
-73.139,-52.334,-52.334,-73.139
-73.285,-53.022,-53.022,-73.285
-73.45,-53.71,-53.71,-73.45
-59.559,-45.1,-50.051,-65.543
-66.551,-52.5,-50.81,-65.656
-66.664,-53.058,-51.61,-72.695
-73.697,-53.647,-52.412,-72.856
-73.848,-54.249,-53.195,-73.038
-56.484,-46.421,-55.191,-61.155
-63.569,-48.008,-55.438,-68.119
-63.791,-49.424,-55.73,-75.098
-64.044,-50.68,-56.058,-75.192
-64.324,-51.801,-63.314,-82.199
-57.071,-40.178,-54.476,-67.682
-64.133,-48.474,-54.765,-74.651
-64.329,-49.765,-55.105,-74.737
-64.554,-50.939,-62.382,-74.839
-64.803,-52.001,-62.786,-81.855
-57.625,-41.091,-53.709,-67.292
-57.768,-42.255,-54.052,-74.268
-64.841,-43.381,-61.35,-74.362
-65.041,-51.337,-61.785,-81.373
-65.265,-52.317,-62.245,-81.499
-53.709,-41.091,-57.625,-69.41
-54.052,-42.255,-57.768,-76.357
-61.35,-43.381,-64.841,-83.315
-61.785,-44.437,-65.041,-83.384
-62.245,-45.417,-65.265,-83.464
-54.476,-40.178,-57.071,-69.09
-54.765,-41.574,-64.133,-76.04
-55.105,-42.865,-64.329,-83.003
-62.382,-44.039,-64.554,-83.077
-62.786,-45.101,-64.803,-83.163
-55.191,-39.521,-56.484,-68.758
-55.438,-41.108,-63.569,-75.712
-55.73,-42.524,-63.791,-82.68
-56.058,-43.78,-64.044,-82.76
-63.314,-44.901,-64.324,-89.752
-50.051,-45.1,-59.559,-70.585
-50.81,-52.5,-66.551,-77.521
-51.61,-53.058,-66.664,-84.466
-52.412,-53.647,-73.697,-91.419
-53.195,-54.249,-73.848,-91.481
-44.153,-44.153,-59.112,-70.306
-51.667,-51.667,-66.114,-77.244
-52.334,-52.334,-73.139,-84.191
-53.022,-53.022,-73.285,-91.148
-53.71,-53.71,-73.45,-91.214
-45.1,-50.051,-65.543,-70.017
-52.5,-50.81,-65.656,-83.858
-53.058,-51.61,-72.695,-83.908
-53.647,-52.412,-72.856,-90.869
-54.249,-53.195,-73.038,-90.939
-46.421,-55.191,-61.155,-71.623
-48.008,-55.438,-68.119,-85.451
-49.424,-55.73,-75.098,-92.386
-50.68,-56.058,-75.192,-92.428
-51.801,-63.314,-82.199,-99.377
-40.178,-54.476,-67.682,-78.274
-48.474,-54.765,-74.651,-85.204
-49.765,-55.105,-74.737,-92.142
-50.939,-62.382,-74.839,-92.186
-52.001,-62.786,-81.855,-99.138
-41.091,-53.709,-67.292,-78.019
-42.255,-54.052,-74.268,-84.951
-43.381,-61.35,-74.362,-91.89
-51.337,-61.785,-81.373,-91.938
-52.317,-62.245,-81.499,-98.892
-41.091,-57.625,-69.41,-79.451
-42.255,-57.768,-76.357,-86.374
-43.381,-64.841,-83.315,-93.302
-44.437,-65.041,-83.384,-100.24
-45.417,-65.265,-83.464,-100.28
-40.178,-57.071,-69.09,-79.228
-41.574,-64.133,-76.04,-86.152
-42.865,-64.329,-83.003,-93.082
-44.039,-64.554,-83.077,-100.02
-45.101,-64.803,-83.163,-100.06
-39.521,-56.484,-68.758,-78.999
-41.108,-63.569,-75.712,-92.824
-42.524,-63.791,-82.68,-92.856
-43.78,-64.044,-82.76,-99.794
-44.901,-64.324,-89.752,-106.74
-46.91,-60.443,-71.152,-80.706
-47.246,-67.418,-78.084,-87.623
-47.635,-67.511,-85.023,-101.44
-54.963,-74.521,-85.07,-101.47
-55.415,-74.646,-92.024,-108.4
-46.072,-60.028,-70.883,-80.508
-46.476,-67.011,-77.817,-94.326
-53.837,-67.113,-84.759,-101.25
-54.335,-74.132,-91.709,-101.28
-54.854,-74.269,-91.766,-108.21
-45.17,-59.593,-70.606,-80.305
-52.563,-66.584,-77.542,-94.124
-53.113,-66.696,-84.486,-101.05
-53.695,-73.728,-91.439,-107.98
-54.291,-73.877,-91.501,-108.01
0,0,0,0
0,0,0,0
0,0,0,0
0,0,0,0
0,0,0,0
0,0,0,0
0,0,0,0
0,0,0,0
0,0,0,0
0,0,0,0
-128.23,-104.61,-79.595,-51.61
-128.2,-104.56,-79.456,-50.81
-121.28,-104.52,-79.343,-50.051
-121.27,-97.586,-79.257,-49.388
-114.36,-97.567,-72.3,-48.897
-128.43,-104.89,-80.039,-52.334
-128.41,-104.84,-79.914,-51.667
-121.49,-104.81,-79.812,-51.053
-121.47,-97.877,-79.735,-50.536
-114.56,-97.858,-72.785,-50.163
-128.63,-105.17,-80.464,-53.058
-128.61,-105.12,-80.351,-52.5
-121.69,-105.09,-80.259,-52
-121.68,-98.158,-80.19,-51.589
-114.77,-91.241,-73.244,-51.299
-120.46,-96.48,-70.691,-49.424
-120.42,-96.412,-70.469,-48.008
-120.4,-96.358,-70.284,-46.421
-113.48,-96.317,-70.142,-44.705
-106.57,-89.391,-70.047,-36.165
-120.68,-96.803,-71.229,-49.765
-120.65,-96.74,-71.033,-48.474
-120.63,-96.69,-70.871,-47.078
-113.71,-96.652,-70.748,-38.748
-106.8,-89.727,-70.665,-37.48
-120.9,-97.115,-71.741,-50.281
-120.87,-97.057,-71.568,-42.255
-113.95,-97.01,-71.425,-41.091
-113.93,-90.075,-71.316,-39.971
-107.02,-90.052,-71.244,-39.05
-112.59,-88.162,-61.35,-43.381
-112.55,-88.068,-60.952,-42.255
-112.52,-87.992,-60.609,-41.091
-105.6,-87.935,-60.336,-39.971
-98.68,-80.998,-60.149,-39.05
-112.84,-88.537,-62.005,-42.865
-112.8,-88.451,-61.665,-41.574
-112.77,-88.382,-61.376,-40.178
-105.85,-88.329,-61.148,-38.748
-98.938,-81.395,-60.993,-37.48
-113.09,-88.898,-62.63,-42.524
-113.05,-88.819,-62.338,-41.108
-113.02,-88.755,-62.091,-39.521
-106.1,-88.707,-61.898,-37.805
-99.188,-81.776,-61.769,-36.165
-104.61,-79.595,-51.61,-53.058
-104.56,-79.456,-50.81,-52.5
-104.52,-79.343,-50.051,-52
-97.586,-79.257,-49.388,-51.589
-97.567,-72.3,-48.897,-51.299
-104.89,-80.039,-52.334,-52.334
-104.84,-79.914,-51.667,-51.667
-104.81,-79.812,-51.053,-51.053
-97.877,-79.735,-50.536,-50.536
-97.858,-72.785,-50.163,-50.163
-105.17,-80.464,-53.058,-51.61
-105.12,-80.351,-52.5,-50.81
-105.09,-80.259,-52,-50.051
-98.158,-80.19,-51.589,-49.388
-91.241,-73.244,-51.299,-48.897
-96.48,-70.691,-49.424,-62.63
-96.412,-70.469,-48.008,-62.338
-96.358,-70.284,-46.421,-62.091
-96.317,-70.142,-44.705,-61.898
-89.391,-70.047,-36.165,-61.769
-96.803,-71.229,-49.765,-62.005
-96.74,-71.033,-48.474,-61.665
-96.69,-70.871,-47.078,-61.376
-96.652,-70.748,-38.748,-61.148
-89.727,-70.665,-37.48,-60.993
-97.115,-71.741,-50.281,-61.35
-97.057,-71.568,-42.255,-60.952
-97.01,-71.425,-41.091,-60.609
-90.075,-71.316,-39.971,-60.336
-90.052,-71.244,-39.05,-60.149
-88.162,-61.35,-43.381,-71.741
-88.068,-60.952,-42.255,-71.568
-87.992,-60.609,-41.091,-71.425
-87.935,-60.336,-39.971,-71.316
-80.998,-60.149,-39.05,-71.244
-88.537,-62.005,-42.865,-71.229
-88.451,-61.665,-41.574,-71.033
-88.382,-61.376,-40.178,-70.871
-88.329,-61.148,-38.748,-70.748
-81.395,-60.993,-37.48,-70.665
-88.898,-62.63,-42.524,-70.691
-88.819,-62.338,-41.108,-70.469
-88.755,-62.091,-39.521,-70.284
-88.707,-61.898,-37.805,-70.142
-81.776,-61.769,-36.165,-70.047
-79.595,-51.61,-53.058,-80.464
-79.456,-50.81,-52.5,-80.351
-79.343,-50.051,-52,-80.259
-79.257,-49.388,-51.589,-80.19
-72.3,-48.897,-51.299,-73.244
-80.039,-52.334,-52.334,-80.039
-79.914,-51.667,-51.667,-79.914
-79.812,-51.053,-51.053,-79.812
-79.735,-50.536,-50.536,-79.735
-72.785,-50.163,-50.163,-72.785
-80.464,-53.058,-51.61,-79.595
-80.351,-52.5,-50.81,-79.456
-80.259,-52,-50.051,-79.343
-80.19,-51.589,-49.388,-79.257
-73.244,-51.299,-48.897,-72.3
-70.691,-49.424,-62.63,-88.898
-70.469,-48.008,-62.338,-88.819
-70.284,-46.421,-62.091,-88.755
-70.142,-44.705,-61.898,-88.707
-70.047,-36.165,-61.769,-81.776
-71.229,-49.765,-62.005,-88.537
-71.033,-48.474,-61.665,-88.451
-70.871,-47.078,-61.376,-88.382
-70.748,-38.748,-61.148,-88.329
-70.665,-37.48,-60.993,-81.395
-71.741,-50.281,-61.35,-88.162
-71.568,-42.255,-60.952,-88.068
-71.425,-41.091,-60.609,-87.992
-71.316,-39.971,-60.336,-87.935
-71.244,-39.05,-60.149,-80.998
-61.35,-43.381,-71.741,-97.115
-60.952,-42.255,-71.568,-97.057
-60.609,-41.091,-71.425,-97.01
-60.336,-39.971,-71.316,-90.075
-60.149,-39.05,-71.244,-90.052
-62.005,-42.865,-71.229,-96.803
-61.665,-41.574,-71.033,-96.74
-61.376,-40.178,-70.871,-96.69
-61.148,-38.748,-70.748,-96.652
-60.993,-37.48,-70.665,-89.727
-62.63,-42.524,-70.691,-96.48
-62.338,-41.108,-70.469,-96.412
-62.091,-39.521,-70.284,-96.358
-61.898,-37.805,-70.142,-96.317
-61.769,-36.165,-70.047,-89.391
-51.61,-53.058,-80.464,-105.17
-50.81,-52.5,-80.351,-105.12
-50.051,-52,-80.259,-105.09
-49.388,-51.589,-80.19,-98.158
-48.897,-51.299,-73.244,-91.241
-52.334,-52.334,-80.039,-104.89
-51.667,-51.667,-79.914,-104.84
-51.053,-51.053,-79.812,-104.81
-50.536,-50.536,-79.735,-97.877
-50.163,-50.163,-72.785,-97.858
-53.058,-51.61,-79.595,-104.61
-52.5,-50.81,-79.456,-104.56
-52,-50.051,-79.343,-104.52
-51.589,-49.388,-79.257,-97.586
-51.299,-48.897,-72.3,-97.567
-49.424,-62.63,-88.898,-113.09
-48.008,-62.338,-88.819,-113.05
-46.421,-62.091,-88.755,-113.02
-44.705,-61.898,-88.707,-106.1
-36.165,-61.769,-81.776,-99.188
-49.765,-62.005,-88.537,-112.84
-48.474,-61.665,-88.451,-112.8
-47.078,-61.376,-88.382,-112.77
-38.748,-61.148,-88.329,-105.85
-37.48,-60.993,-81.395,-98.938
-50.281,-61.35,-88.162,-112.59
-42.255,-60.952,-88.068,-112.55
-41.091,-60.609,-87.992,-112.52
-39.971,-60.336,-87.935,-105.6
-39.05,-60.149,-80.998,-98.68
-43.381,-71.741,-97.115,-120.9
-42.255,-71.568,-97.057,-120.87
-41.091,-71.425,-97.01,-113.95
-39.971,-71.316,-90.075,-113.93
-39.05,-71.244,-90.052,-107.02
-42.865,-71.229,-96.803,-120.68
-41.574,-71.033,-96.74,-120.65
-40.178,-70.871,-96.69,-120.63
-38.748,-70.748,-96.652,-113.71
-37.48,-70.665,-89.727,-106.8
-42.524,-70.691,-96.48,-120.46
-41.108,-70.469,-96.412,-120.42
-39.521,-70.284,-96.358,-120.4
-37.805,-70.142,-96.317,-113.48
-36.165,-70.047,-89.391,-106.57
-54.535,-81.311,-105.72,-129.04
-54.146,-81.218,-105.68,-129.02
-53.81,-81.143,-105.65,-122.11
-53.544,-81.087,-98.729,-122.09
-53.361,-74.15,-91.814,-115.18
-53.837,-80.913,-105.46,-128.85
-53.376,-80.811,-105.42,-128.83
-52.972,-80.728,-105.38,-121.91
-52.646,-80.666,-98.459,-121.89
-52.421,-73.725,-91.542,-114.99
-53.113,-80.496,-105.19,-128.65
-52.563,-80.384,-105.14,-128.62
-52.07,-80.293,-105.11,-121.71
-51.666,-80.224,-98.18,-121.69
-51.382,-73.279,-91.262,-114.78
0,0,0,0
0,0,0,0
0,0,0,0
0,0,0,0
0,0,0,0
0,0,0,0
0,0,0,0
0,0,0,0
0,0,0,0
0,0,0,0
